Fecha búsqueda,Días analizados,Fecha inicio,Tema,Fuente,Título,URL
2026-08-01 18:45,2,2026-07-30,Amigo LNG,Facebook,"De aquí salió el trabajo de ""investigacion"" periodístico al ...",https://www.facebook.com/joelmendoza13/posts/de-aqu%C3%AD-sali%C3%B3-el-trabajo-de-investigacion-period%C3%ADstico-al-que-se-refiri%C3%B3-la-lic-/1494320816026014/
2026-08-01 18:45,2,2026-07-30,Amigo LNG,Facebook,"Asi la prensa ""informativa"" en la construcción de las planta ...",https://www.facebook.com/joelmendoza13/posts/asi-la-prensa-informativa-en-la-construcci%C3%B3n-de-las-planta-de-licuefaccion-en-gu/1495175395940556/
2026-08-01 18:45,2,2026-07-30,Amigo LNG,Facebook,Lamento profundamente el sensible fallecimiento de Don ...,https://www.facebook.com/AlejandroMataVal/posts/lamento-profundamente-el-sensible-fallecimiento-de-don-gonzalo-soto-n%C3%BA%C3%B1ezexpreso/1465779655574489/
2026-08-01 18:45,2,2026-07-30,Amigo LNG,Facebook,"De aquí salió el trabajo de ""investigacion"" periodístico al ...",https://www.facebook.com/joelmendoza13/photos/de-aqu%C3%AD-sali%C3%B3-el-trabajo-de-investigacion-period%C3%ADstico-al-que-se-refiri%C3%B3-la-lic-/1494320622692700/
2026-08-01 18:45,2,2026-07-30,Amigo LNG,Facebook,Don Gonzalo Soto Núñez padre de nuestro afiliado ...,https://www.facebook.com/CMICDurangoOficial/posts/%EF%B8%8F-lamentamos-profundamente-el-sensible-fallecimiento-de-don-gonzalo-soto-n%C3%BA%C3%B1ez-p/1682122050584152/
2026-08-01 18:45,2,2026-07-30,Amigo LNG,Facebook,#Entrevista El árbitro profesional Guillermo Pacheco Larios ...,https://www.facebook.com/FM105Guaymas/videos/entrevistael-%C3%A1rbitro-profesional-guillermo-pacheco-larios-nos-comparte-en-fm105-/1538934977696870/
2026-08-01 18:45,2,2026-07-30,Amigo LNG,Facebook,Nuestras sinceras condolencias,https://www.facebook.com/aarsp/posts/nuestras-sinceras-condolencias/1652666766868804/
2026-08-01 18:45,2,2026-07-30,Amigo LNG,Facebook,"CASAS,CALLES,CALLEJONES Y RINCONES DEL VIEJO ...",https://www.facebook.com/groups/5361421270634260/posts/27498626556487081/
2026-08-01 18:45,2,2026-07-30,Amigo LNG,Facebook,🚨#Lambayeque Pastor Espinoza asume gerencia interina ...,https://www.facebook.com/semanario.expresion.cix/posts/lambayeque-pastor-espinoza-asume-gerencia-interina-del-peotel-gobernador-regiona/1654694316660203/
2026-08-01 18:45,2,2026-07-30,Amigo LNG,Facebook,"Circo, maroma y teatro",https://www.facebook.com/joelmendoza13/photos/1494482542676508/
2026-08-01 18:45,2,2026-07-30,Amigo LNG,Instagram,Toda amistad tiene su propio idioma. 😂🤝 Y quienes tienen ...,https://www.instagram.com/p/DbawEIolR9F/
2026-08-01 18:45,2,2026-07-30,Amigo LNG,Instagram,#Guaymas tiene una manera muy propia de sentirse. ...,https://www.instagram.com/p/DbcTTOVDVDP/
2026-08-01 18:45,2,2026-07-30,Amigo LNG,Instagram,Feliz Día de la amistad a todos mis amigos 🤩,https://www.instagram.com/p/Dbbqb77SHbi/
2026-08-01 18:45,2,2026-07-30,Amigo LNG,Instagram,Feliz día de la amistad 🫂🙌,https://www.instagram.com/p/DbbIElnhfpP/
2026-08-01 18:45,2,2026-07-30,Amigo LNG,Instagram,Sonora lo tiene todo para hacer crecer a las industrias del ...,https://www.instagram.com/p/DbdqX8HAgzX/
2026-08-01 18:45,2,2026-07-30,Amigo LNG,Instagram,#AquíNo | ¡Participa! Colectivos y medios de comunicación ...,https://www.instagram.com/p/DbcI7ckj95w/
2026-08-01 18:45,2,2026-07-30,Amigo LNG,Instagram,El Gobierno de México buscará negociar con Estados ...,https://www.instagram.com/p/DbbSHOuDjhD/
2026-08-01 18:45,2,2026-07-30,Amigo LNG,Instagram,Sube 12 % importación de petróleo en primer semestre ...,https://www.instagram.com/p/Dbe1pFDjGCr/
2026-08-01 18:45,2,2026-07-30,Amigo LNG,Instagram,"🛢️ El Campo Trión, frente a las costas de Tamaulipas ...",https://www.instagram.com/p/Dbbby8wnNuP/
2026-08-01 18:45,2,2026-07-30,Amigo LNG,Instagram,🔴🚨ℹ️ ¡PEMEX registra resultados operativos y financieros ...,https://www.instagram.com/p/Dbd7_kcmixA/
2026-08-01 18:45,2,2026-07-30,Amigo LNG,X,Отговори от Juan Ángel Soto Gómez (@JuanASotoG) / X,https://x.com/JuanASotoG/with_replies?lang=bg
2026-08-01 18:45,2,2026-07-30,Amigo LNG,X,"""Acabei de bater 25h sem luz. Obrigado, Enel."" / X",https://x.com/deeliessice/status/2082928847071129621
2026-08-01 18:45,2,2026-07-30,Amigo LNG,LinkedIn,Publicación de Alejandro Santos Sáez,https://es.linkedin.com/posts/alejandro-santos-s%C3%A1ez-a0349535_vacaciones-trabajoenequipo-desarrolloprofesional-activity-7488943653336375296-jKu7
2026-08-01 18:45,2,2026-07-30,Amigo LNG,LinkedIn,Publicação de Hudson Zanin,https://pt.linkedin.com/posts/hudsonzanin_crise-dos-40-%C3%A9-tamb%C3%A9m-buscar-concluir-aquilo-activity-7489273161994321920-sB-Q
2026-08-01 18:45,2,2026-07-30,Amigo LNG,LinkedIn,#burocracia | Swailla Bernardo Agostinho,https://pt.linkedin.com/posts/swailla-bernardo-agostinho-16a269234_burocracia-activity-7488535248708796416-Aabf
2026-08-01 18:45,2,2026-07-30,Amigo LNG,LinkedIn,Luis rafael Matsinhe - Civil Construction Technician,https://mz.linkedin.com/in/luis-rafael-matsinhe-01a8a6413
2026-08-01 18:45,2,2026-07-30,Amigo LNG,Web,How private 5G networks are evolving into a US$700mn ...,https://www.bnamericas.com/en/features/how-private-5g-networks-are-evolving-into-a-us700mn-market-by-2029
2026-08-01 18:45,2,2026-07-30,Amigo LNG,Web,"RGT Kemaman Dijangka Siap 2029, Jadi hab LNG Pantai ...",https://www.trdi.my/rgt-kemaman-dijangka-siap-2029-jadi-hab-lng-pantai-timur
2026-08-01 18:45,2,2026-07-30,Amigo LNG,Web,Portada archivos,https://www.radarsonora.com/category/portada/
2026-08-01 18:45,2,2026-07-30,Amigo LNG,Instagram,"El almirante Pedro Raimundo Morales, ...",https://www.instagram.com/p/Dba6i2Sx3k-/
2026-08-01 18:45,2,2026-07-30,Amigo GNL,Facebook,Figueroa aseguró que el desarrollo del GNL traerá miles ...,https://www.facebook.com/fuego24cco/posts/figueroa-asegur%C3%B3-que-el-desarrollo-del-gnl-traer%C3%A1-miles-de-empleos-y-pidi%C3%B3-prepa/1508888474586127/
2026-08-01 18:45,2,2026-07-30,Amigo GNL,Facebook,Noticiasnqn.com.ar,https://www.facebook.com/NoticiasNQN/posts/7215ee9c/1724386429692267/
2026-08-01 18:45,2,2026-07-30,Amigo GNL,Facebook,YPF pone primera en Meseta Buena Esperanza para el ...,https://www.facebook.com/ccoalinstante/posts/ypf-pone-primera-en-meseta-buena-esperanza-para-el-proyecto-gnl-cerca-de-cutral-/1555787809894071/
2026-08-01 18:45,2,2026-07-30,Amigo GNL,Facebook,Diario de Noticias de Navarra,https://www.facebook.com/NoticiasNavarra/posts/el-departamento-de-desarrollo-rural-y-medio-ambiente-del-gobierno-de-navarra-ha-/2066596227330412/
2026-08-01 18:45,2,2026-07-30,Amigo GNL,Facebook,#NewsMxTv || Del desastre a la riqueza Una zona ...,https://www.facebook.com/NewsMxTv/posts/newsmxtv-del-desastre-a-la-riquezauna-zona-del-estado-de-luisiana-en-el-sur-de-e/1049189531178571/
2026-08-01 18:45,2,2026-07-30,Amigo GNL,Facebook,Un condado estadounidense arrasado por el huracán Rita ...,https://www.facebook.com/prensalibregt/posts/un-condado-estadounidense-arrasado-por-el-hurac%C3%A1n-rita-es-ahora-el-mayor-exporta/1469967745159125/
2026-08-01 18:45,2,2026-07-30,Amigo GNL,Facebook,Puerto de Singapur amplía centro de combustibles ...,https://www.facebook.com/PortalPortuario/posts/puerto-de-singapur-ampl%C3%ADa-centro-de-combustibles-m%C3%BAltiples-con-nueva-ronda-de-li/1555603429910174/
2026-08-01 18:45,2,2026-07-30,Amigo GNL,Facebook,Ballenas ? O Gas? . Fuimos hasta las oficinas de ...,https://www.facebook.com/Supercivicos/videos/ballenas-o-gas-fuimos-hasta-las-oficinas-de-jpmorganchase-y-a-una-sucursal-de-sa/2432875660531276/
2026-08-01 18:45,2,2026-07-30,Amigo GNL,Instagram,🐋⚖️ Ballenas demandaron y van ganando la batalla legal ...,https://www.instagram.com/p/DbdbfYFDKmO/
2026-08-01 18:45,2,2026-07-30,Amigo GNL,Instagram,"La vaquita marina, el Golfo de California y nuestro medio ...",https://www.instagram.com/p/DbdwFyUDWqt/
2026-08-01 18:45,2,2026-07-30,Amigo GNL,Instagram,Santander y JP Morgan cómplices del ecocidio,https://www.instagram.com/p/Dbd_NpGRsCz/
2026-08-01 18:45,2,2026-07-30,Amigo GNL,Instagram,CÁELE ESTE MARTES 4 DE AGOSTO!!🚨🚨🚨🚨🐋 Súmate a ...,https://www.instagram.com/p/DbeTBAHR9NA/
2026-08-01 18:45,2,2026-07-30,Amigo GNL,Instagram,es un ecocidio de más de 550 mil millones de pesos. ...,https://www.instagram.com/reel/Dbd0xLKyS2-/
2026-08-01 18:45,2,2026-07-30,Amigo GNL,Instagram,FIRMAN A NUESTRA PETICION CHANGE.ORG 🙏🏻🩵 “ ...,https://www.instagram.com/reel/DbbymFSxPTH/
2026-08-01 18:45,2,2026-07-30,Amigo GNL,Instagram,El cambio climático no ocurre en un laboratorio. ...,https://www.instagram.com/p/Dbdvhy9HAya/
2026-08-01 18:45,2,2026-07-30,Amigo GNL,Instagram,"Antes de opinar, conoce los hechos. ₊˚⊹ Descubre qué es ...",https://www.instagram.com/p/DbfBQi9tlq_/
2026-08-01 18:45,2,2026-07-30,Amigo GNL,X,Post,https://x.com/SputnikMundo/status/2082960428255109555
2026-08-01 18:45,2,2026-07-30,Amigo GNL,X,Post,https://x.com/QNA_Espanol/status/2082887891240300864
2026-08-01 18:45,2,2026-07-30,Amigo GNL,LinkedIn,Publicación de Javier Revuelta,https://es.linkedin.com/posts/javier-revuelta-alonso_proyecciones-de-ingresos-y-rentabilidad-esperada-activity-7488997239139352576-LRRm
2026-08-01 18:45,2,2026-07-30,Amigo GNL,LinkedIn,Publicação de Lucas Antoun Netto,https://pt.linkedin.com/posts/lucasantoun_semana-cheia-em-sergipe-para-debater-sobre-activity-7489019381495009300-qNS5
2026-08-01 18:45,2,2026-07-30,Amigo GNL,LinkedIn,"No Conexão de hoje, quem compartilha sua experiência é ...",https://pt.linkedin.com/posts/mangels_no-conex%C3%A3o-de-hoje-quem-compartilha-sua-activity-7489006813154082816-IY-b
2026-08-01 18:45,2,2026-07-30,Amigo GNL,LinkedIn,"Parece cena de filme, mas aconteceu de verdade! Um ...",https://pt.linkedin.com/posts/jo%C3%A3o-bosco-capanema-bahia_parece-cena-de-filme-mas-aconteceu-de-verdade-activity-7488926125751066626-xChW
2026-08-01 18:45,2,2026-07-30,Amigo GNL,Web,¿Ballenas o gas? La encrucijada del Golfo de California,https://amp.dw.com/es/ballenas-o-gas-la-encrucijada-del-golfo-de-california-en-m%C3%A9xico/a-78197765
2026-08-01 18:45,2,2026-07-30,Amigo GNL,Web,¿Ballenas o gas? La encrucijada del Golfo de California en ...,https://es-us.noticias.yahoo.com/ballenas-gas-encrucijada-golfo-california-203400175.html
2026-08-01 18:45,2,2026-07-30,Amigo GNL,Instagram,Supercívicos entregan 92 mil firmas contra el Proyecto ...,https://www.instagram.com/reel/DbghE48KGrG/
2026-08-01 18:45,2,2026-07-30,Amigo GNL,Web,Colección privada / ¿Qué fue del huachicol fiscal en ...,https://oem.com.mx/elsoldehermosillo/analisis/coleccion-privada-que-fue-del-huachicol-fiscal-en-guaymas-31366868
2026-08-01 18:45,2,2026-07-30,Amigo GNL,Facebook,¿Ballenas o gas? El Proyecto Saguaro fue frenado gracias a ...,https://www.facebook.com/61557454146508/videos/ballenas-o-gas-el-proyecto-saguaro-fue-frenado-gracias-a-todos-los-que-han-prote/3665788800257121/
2026-08-01 18:45,2,2026-07-30,LNG Alliance,Facebook,China's shifting energy mix weakens pillar of global LNG ...,https://www.facebook.com/Reuters/posts/chinas-shifting-energy-mix-weakens-pillar-of-global-lng-growthclick-the-link-in-/1624947266162666/
2026-08-01 18:45,2,2026-07-30,LNG Alliance,Facebook,"In November, we referred the Ksi Lisims LNG project to ...",https://www.facebook.com/MarkJCarney2025/posts/in-november-we-referred-the-ksi-lisims-lng-project-to-the-major-projects-office-/122234769500512671/
2026-08-01 18:45,2,2026-07-30,LNG Alliance,Facebook,FN LNG Alliance - Home,https://mt-mt.facebook.com/pages/FN-LNG-Alliance/1503259826663838
2026-08-01 18:45,2,2026-07-30,LNG Alliance,Facebook,Government announces record increase in LNG prices...,https://www.facebook.com/PakhtunDigital/posts/government-announces-record-increase-in-lng-prices/1530271195800786/
2026-08-01 18:45,2,2026-07-30,LNG Alliance,Facebook,One LNG disruption. Two very different responses. Europe ...,https://www.facebook.com/100066811624546/posts/-one-lng-disruption-two-very-different-responseseurope-is-holding-back-monitorin/1360021722901536/
2026-08-01 18:45,2,2026-07-30,LNG Alliance,Facebook,Seaspan Energy Reaches 150 LNG Bunkering Milestone ...,https://www.facebook.com/Robban.Assafina.Magazine/posts/seaspan-energy-reaches-150-lng-bunkering-milestoneseaspanenergy-lngbunkering-shi/1842264733416498/
2026-08-01 18:45,2,2026-07-30,LNG Alliance,Facebook,BC has given the green light for the Tilbury LNG expansion ...,https://www.facebook.com/CanadaAction/posts/bc-has-given-the-green-light-for-the-tilbury-lng-expansion-great-news-for-the-pr/1373607148294784/
2026-08-01 18:45,2,2026-07-30,LNG Alliance,Facebook,𝐂𝐡𝐢𝐧𝐚'𝐬 𝐬𝐡𝐢𝐟𝐭𝐢𝐧𝐠 𝐞𝐧𝐞𝐫𝐠𝐲 𝐦𝐢𝐱 𝐰𝐞𝐚𝐤𝐞𝐧𝐬 ...,https://www.facebook.com/tbsnews.net/posts/%F0%9D%90%82%F0%9D%90%A1%F0%9D%90%A2%F0%9D%90%A7%F0%9D%90%9A%F0%9D%90%AC-%F0%9D%90%AC%F0%9D%90%A1%F0%9D%90%A2%F0%9D%90%9F%F0%9D%90%AD%F0%9D%90%A2%F0%9D%90%A7%F0%9D%90%A0-%F0%9D%90%9E%F0%9D%90%A7%F0%9D%90%9E%F0%9D%90%AB%F0%9D%90%A0%F0%9D%90%B2-%F0%9D%90%A6%F0%9D%90%A2%F0%9D%90%B1-%F0%9D%90%B0%F0%9D%90%9E%F0%9D%90%9A%F0%9D%90%A4%F0%9D%90%9E%F0%9D%90%A7%F0%9D%90%AC-%F0%9D%90%A9%F0%9D%90%A2%F0%9D%90%A5%F0%9D%90%A5%F0%9D%90%9A%F0%9D%90%AB-%F0%9D%90%A8%F0%9D%90%9F-%F0%9D%90%A0%F0%9D%90%A5%F0%9D%90%A8%F0%9D%90%9B%F0%9D%90%9A%F0%9D%90%A5-%F0%9D%90%8B%F0%9D%90%8D%F0%9D%90%86-%F0%9D%90%A0%F0%9D%90%AB%F0%9D%90%A8%F0%9D%90%B0%F0%9D%90%AD%F0%9D%90%A1chinafor-years-chi/1487750466733016/
2026-08-01 18:45,2,2026-07-30,LNG Alliance,Facebook,A major technical fault at Moheshkhali LNG terminals has ...,https://www.facebook.com/dailytimesofbangladesh/posts/a-major-technical-fault-at-moheshkhali-lng-terminals-has-triggered-an-acute-gas-/122207113754782001/
2026-08-01 18:45,2,2026-07-30,LNG Alliance,Facebook,LNG Canada,https://www.facebook.com/LNGCanada/photos/community-notification-planned-flaring-eventlng-canada-advises-that-a-planned-fl/1511542884349053/
2026-08-01 18:45,2,2026-07-30,LNG Alliance,Instagram,"🚨 Grupo México factura más de 18 mil mdd, pero solo 1% ...",https://www.instagram.com/p/Dbd62Xkkdze/
2026-08-01 18:45,2,2026-07-30,LNG Alliance,Instagram,For a Better Bayou (@betterbayou),https://www.instagram.com/betterbayou/
2026-08-01 18:45,2,2026-07-30,LNG Alliance,Instagram,페루 경제가 성장해도 국민이 체감하는 '좋은 일자리'는 늘지 ...,https://www.instagram.com/p/DbcHzYCD6Xx/
2026-08-01 18:45,2,2026-07-30,LNG Alliance,X,Post,https://x.com/FNNGAlliance/status/2082896606311911922
2026-08-01 18:45,2,2026-07-30,LNG Alliance,X,Post,https://x.com/FNNGAlliance/status/2082911658419130649
2026-08-01 18:45,2,2026-07-30,LNG Alliance,X,Post,https://x.com/FNNGAlliance/status/2082836195826860229
2026-08-01 18:45,2,2026-07-30,LNG Alliance,X,Post,https://x.com/FNNGAlliance/status/2082866423756419525/photo/1
2026-08-01 18:45,2,2026-07-30,LNG Alliance,X,Post,https://x.com/FNNGAlliance/status/2083258962636419283/photo/1
2026-08-01 18:45,2,2026-07-30,LNG Alliance,X,The sanctioning of the Greenlight Electricity Centre ($4.6B ...,https://x.com/Finsee_main/status/2083134247628415223
2026-08-01 18:45,2,2026-07-30,LNG Alliance,X,WoodfibreLNG - Търсене,https://x.com/hashtag/WoodfibreLNG?lang=bg
2026-08-01 18:45,2,2026-07-30,LNG Alliance,X,Post,https://x.com/nyklineofficial/status/2083077787120812380
2026-08-01 18:45,2,2026-07-30,LNG Alliance,X,"Kerem Alkin on X: ""“he 80-year-old global order ...",https://x.com/keremalkin/status/2082825997355729355
2026-08-01 18:45,2,2026-07-30,LNG Alliance,X,Lithuania MFA,https://x.com/LithuaniaMFA/status/2082816001440166154
2026-08-01 18:45,2,2026-07-30,LNG Alliance,LinkedIn,First Nations Natural Gas Alliance's Post - LinkedIn,https://www.linkedin.com/posts/first-nations-lng-alliance_reliable-low-emission-and-indigenous-led-activity-7488601992399900673-5vnb
2026-08-01 18:45,2,2026-07-30,LNG Alliance,LinkedIn,First Nations Natural Gas Alliance's Post - LinkedIn,https://www.linkedin.com/posts/first-nations-lng-alliance_lng-expansion-drives-demand-for-big-electric-activity-7488662401966333952-Ab7h
2026-08-01 18:45,2,2026-07-30,LNG Alliance,LinkedIn,First Nations Natural Gas Alliance's Post - LinkedIn,https://www.linkedin.com/posts/first-nations-lng-alliance_world-lnggas-news-china-to-resell-a-us-activity-7488677452433547264-_Cv9
2026-08-01 18:45,2,2026-07-30,LNG Alliance,LinkedIn,First Nations Natural Gas Alliance's Post - From LNG Action,https://www.linkedin.com/posts/first-nations-lng-alliance_from-lng-action-the-world-is-asking-for-activity-7488979598832214016-xV2Y
2026-08-01 18:45,2,2026-07-30,LNG Alliance,LinkedIn,First Nations Natural Gas Alliance's Post - LinkedIn,https://www.linkedin.com/posts/first-nations-lng-alliance_bc-removes-regulatory-barrier-to-fuelling-activity-7488632204286242817-cLNc
2026-08-01 18:45,2,2026-07-30,LNG Alliance,LinkedIn,First Nations Natural Gas Alliance's Post - LinkedIn,https://www.linkedin.com/posts/first-nations-lng-alliance_world-lnggas-news-taiwan-halts-us800-activity-7489039806153515008-muyw
2026-08-01 18:45,2,2026-07-30,LNG Alliance,LinkedIn,First Nations Natural Gas Alliance's Post - LinkedIn,https://www.linkedin.com/posts/first-nations-lng-alliance_woodfibre-lng-sponsors-the-open-show-this-activity-7489054907983912961-_xUd
2026-08-01 18:45,2,2026-07-30,LNG Alliance,LinkedIn,First Nations Natural Gas Alliance's Post - LinkedIn,https://www.linkedin.com/posts/first-nations-lng-alliance_shell-targets-year-end-decision-on-lng-canada-activity-7488956880971571200-_7EK
2026-08-01 18:45,2,2026-07-30,LNG Alliance,LinkedIn,First Nations Natural Gas Alliance's Post - LinkedIn,https://www.linkedin.com/posts/first-nations-lng-alliance_from-cedar-lng-as-construction-progresses-activity-7489024752678891520-VCoL
2026-08-01 18:45,2,2026-07-30,LNG Alliance,LinkedIn,Instrument Technician - Golden Pass LNG - LinkedIn,https://www.linkedin.com/jobs/view/instrument-technician-at-golden-pass-lng-4447738000
2026-08-01 18:45,2,2026-07-30,LNG Alliance,Web,BC LNG Projects Are Not Harbingers of Climate Doom,https://energynow.ca/2026/03/bc-lng-projects-are-not-harbingers-of-climate-doom-resource-works/
2026-08-01 18:45,2,2026-07-30,LNG Alliance,Web,Le méthanier LNG Alliance (ex-Gaselys) de retour à Brest,https://www.meretmarine.com/fr/marine-marchande/le-methanier-lng-alliance-ex-gaselys-de-retour-a-brest
2026-08-01 18:45,2,2026-07-30,LNG Alliance,Web,Authorized LNG Carriers - EBB DNK,https://www.ebb.dlng-sico.com/Ship/Index
2026-08-01 18:45,2,2026-07-30,LNG Alliance,X,LNG Price Trends — Risk Premium Unwind Widens ...,https://lngpriceindex.com/lng-price-trends
2026-08-01 18:45,2,2026-07-30,LNG Alliance,Web,ASKLIPIOS Gas Carrier Ship - IMO: 9884021,https://magicport.ai/vessels/gas-carrier/asklipios-mmsi-215906000
2026-08-01 18:45,2,2026-07-30,Guaymas LNG,Facebook,"Excelente tarde, acompañe a Marcelo Beyliss e Irasema ...",https://www.facebook.com/expresoweb/posts/excelente-tarde-acompa%C3%B1e-a-marcelo-beyliss-e-irasema-blanco-en-expreso-247-edici/1555811252852795/
2026-08-01 18:45,2,2026-07-30,Guaymas LNG,Facebook,🌎 Energía Costa Azul realiza su primer embarque de GNL ...,https://www.facebook.com/GlobalEnergyMx/posts/-energ%C3%ADa-costa-azul-realiza-su-primer-embarque-de-gnl-desde-baja-california-y-ab/1696907389106967/
2026-08-01 18:45,2,2026-07-30,Guaymas LNG,Facebook,Contaminación en Naco - Calor extremo azota Hermosillo ...,https://www.facebook.com/proyectopuenteconluisalbertomedina/videos/contaminaci%C3%B3n-en-naco-calor-extremo-azota-hermosillo-sep-proh%C3%ADbe-escuela-militar/992077087210398/
2026-08-01 18:45,2,2026-07-30,Guaymas LNG,Instagram,Sonora lo tiene todo para hacer crecer a las industrias del ...,https://www.instagram.com/p/DbdqdTGlP1O/
2026-08-01 18:45,2,2026-07-30,Guaymas LNG,Instagram,¿Más cruceros para Guaymas? Buscan atraer inversionistas ...,https://www.instagram.com/p/DbbWBC2ICwx/
2026-08-01 18:45,2,2026-07-30,Guaymas LNG,Instagram,"Greenpeace México on Instagram: ""¡Destruir ecosistemas y ...",https://www.instagram.com/reel/Dbb-55RJ5BI/
2026-08-01 18:45,2,2026-07-30,Guaymas LNG,Instagram,¡Transformación en marcha en Guaymas! El malecón avanza ...,https://www.instagram.com/p/Dbe_JVcDbTR/
2026-08-01 18:45,2,2026-07-30,Guaymas LNG,Instagram,"18,176 millones de dólares en ventas y solo el 1.18% para ...",https://www.instagram.com/reel/DbgAWpliFIK/
2026-08-01 18:45,2,2026-07-30,Muthu Chezhian,Facebook,the year of the first karumpuli attack ...,https://www.facebook.com/thusi.kumar.3/posts/hear-it-from-the-director-himselfin-this-clip-arun-matheswaran-tells-openpannaa-/10163369723572285/
2026-08-01 18:45,2,2026-07-30,Muthu Chezhian,Facebook,Salem is writing a new chapter! 📖✨ The ₹91.90 crore ...,https://www.facebook.com/SmartSalemSmartSalem/posts/salem-is-writing-a-new-chapter-the-9190-crore-bharathidasan-arivulagam-is-shapin/1657591686369568/
2026-08-01 18:45,2,2026-07-30,Muthu Chezhian,Facebook,Let's welcome our new members: Rikas Rikas,https://www.facebook.com/groups/628973895414952/posts/1358209105824757/
2026-08-01 18:45,2,2026-07-30,Muthu Chezhian,Facebook,"Sometimes, the best conversations begin with the simplest ...",https://www.facebook.com/gobinath04/videos/sometimes-the-best-conversations-begin-with-the-simplest-messagei-sent-vijay-set/1339608514924708/
2026-08-01 18:45,2,2026-07-30,Muthu Chezhian,Facebook,Congratulations Sreenivasan Ramakrishnan !!,https://www.facebook.com/bmahesh08/posts/congratulations-sreenivasan-ramakrishnan-/10233059057765774/
2026-08-01 18:45,2,2026-07-30,Muthu Chezhian,Facebook,12 லக்னங்களில் யாருக்கு IT தொழில் ...,https://www.facebook.com/MatrimonyMatch/posts/12-%E0%AE%B2%E0%AE%95%E0%AF%8D%E0%AE%A9%E0%AE%99%E0%AF%8D%E0%AE%95%E0%AE%B3%E0%AE%BF%E0%AE%B2%E0%AF%8D-%E0%AE%AF%E0%AE%BE%E0%AE%B0%E0%AF%81%E0%AE%95%E0%AF%8D%E0%AE%95%E0%AF%81-it-%E0%AE%A4%E0%AF%8A%E0%AE%B4%E0%AE%BF%E0%AE%B2%E0%AF%8D-%E0%AE%B5%E0%AF%86%E0%AE%B1%E0%AF%8D%E0%AE%B1%E0%AE%BF-%E0%AE%A4%E0%AE%B0%E0%AF%81%E0%AE%AE%E0%AF%8D-itjobs-alp-astrology-official-ast/1371169968499212/
2026-08-01 18:45,2,2026-07-30,Muthu Chezhian,Facebook,#NEWSUPDATE: ராகுலுக்கு தைரியம் இருக்கிறதா?,https://www.facebook.com/polimernewsdigital/posts/newsupdate-%E0%AE%B0%E0%AE%BE%E0%AE%95%E0%AF%81%E0%AE%B2%E0%AF%81%E0%AE%95%E0%AF%8D%E0%AE%95%E0%AF%81-%E0%AE%A4%E0%AF%88%E0%AE%B0%E0%AE%BF%E0%AE%AF%E0%AE%AE%E0%AF%8D-%E0%AE%87%E0%AE%B0%E0%AF%81%E0%AE%95%E0%AF%8D%E0%AE%95%E0%AE%BF%E0%AE%B1%E0%AE%A4%E0%AE%BE-%E0%AE%85%E0%AE%A9%E0%AF%8D%E0%AE%AA%E0%AF%81%E0%AE%AE%E0%AE%A3%E0%AE%BF-%E0%AE%9A%E0%AE%B5%E0%AE%BE%E0%AE%B2%E0%AF%8Drahulgandhi-anbumaniramad/1534761592001706/
2026-08-01 18:45,2,2026-07-30,Muthu Chezhian,Facebook,எல்லாம் பொட்டு மாமாவுக்கே வெளிச்சம்..,https://www.facebook.com/jayaraman418/posts/%E0%AE%8E%E0%AE%B2%E0%AF%8D%E0%AE%B2%E0%AE%BE%E0%AE%AE%E0%AF%8D-%E0%AE%AA%E0%AF%8A%E0%AE%9F%E0%AF%8D%E0%AE%9F%E0%AF%81-%E0%AE%AE%E0%AE%BE%E0%AE%AE%E0%AE%BE%E0%AE%B5%E0%AF%81%E0%AE%95%E0%AF%8D%E0%AE%95%E0%AF%87-%E0%AE%B5%E0%AF%86%E0%AE%B3%E0%AE%BF%E0%AE%9A%E0%AF%8D%E0%AE%9A%E0%AE%AE%E0%AF%8D/1770199357498534/
2026-08-01 18:45,2,2026-07-30,Muthu Chezhian,Facebook,ROAD SAFETY X THALIR We have conducted a ...,https://www.facebook.com/yivizag/posts/road-safety-x-thalir-we-have-conducted-a-road-safety-awareness-session-in-collab/1434515798704534/
2026-08-01 18:45,2,2026-07-30,Muthu Chezhian,Facebook,Naan Autokaran…🎤🎶 #hashimabbas #tamilsong ...,https://www.facebook.com/hashim.abbas150/posts/naan-autokaran-hashimabbas-tamilsong-trendingsong-naanautokaaran-rajinikanth/1578916320257129/
2026-08-01 18:45,2,2026-07-30,Muthu Chezhian,Instagram,Throw back to my Play days❤️ Memories❤️ I would like to ...,https://www.instagram.com/p/DbdXDacICSD/
2026-08-01 18:45,2,2026-07-30,Muthu Chezhian,Instagram,🏆 DEPARTMENT STANDING DASHBOARD! The race to ...,https://www.instagram.com/p/DbdFki8GyjH/
2026-08-01 18:45,2,2026-07-30,Muthu Chezhian,Instagram,An heartbreaking moment in my life...The friend who brought ...,https://www.instagram.com/reel/DbdRMoFOq-D/
2026-08-01 18:45,2,2026-07-30,Muthu Chezhian,Instagram,LJK வில் இணைந்த புதிய உறுப்பினர்கள் லட்சிய ...,https://www.instagram.com/reel/DbaRqcnB6cS/
2026-08-01 18:45,2,2026-07-30,Muthu Chezhian,Instagram,My boy அசால்ட் 👑❤️‍🔥🫂🔥❤️,https://www.instagram.com/p/DbdkOaRzT-V/
2026-08-01 18:45,2,2026-07-30,Muthu Chezhian,Instagram,🇮🇳🌄🖤❤️ ரோட்டரி உறவுகள் அனைவருக்கும் ...,https://www.instagram.com/p/Dbdv3n1yyKB/
2026-08-01 18:45,2,2026-07-30,Muthu Chezhian,Instagram,KABADDI 💥 . . . . . .❤️‍🩹,https://www.instagram.com/p/Dbdv0QUT99A/
2026-08-01 18:45,2,2026-07-30,Muthu Chezhian,Instagram,. . . . . பாண்டி சீமை காளை 🔰🦁💯 . . . #viral#trending# ...,https://www.instagram.com/p/DbbBFjIk2nn/
2026-08-01 18:45,2,2026-07-30,Muthu Chezhian,Instagram,"Thalaiva, my heart is completely broken today. Losing you ...",https://www.instagram.com/reel/DbbDGBwSFHA/
2026-08-01 18:45,2,2026-07-30,Muthu Chezhian,Instagram,Marudhu 🦁❤️‍🔥!!! . . . . . #jallikattu #adaiyalam💥‼️,https://www.instagram.com/p/Dbdhq46ksij/
2026-08-01 18:45,2,2026-07-30,Sonora gas natural licuado,Facebook,Continúa el periodo de #prueba para las #rutas de gas ...,https://www.facebook.com/PuntoPorPuntotv/posts/contin%C3%BAa-el-periodo-de-prueba-para-las-rutas-de-gas-natural-en-cuernavaca-con-el/1452105570270705/
2026-08-01 18:45,2,2026-07-30,Sonora gas natural licuado,Facebook,La presidenta del gremio también mencionó la entrada ...,https://www.facebook.com/LaRazonCo/posts/naci%C3%B3n-la-presidenta-del-gremio-tambi%C3%A9n-mencion%C3%B3-la-entrada-en-operaci%C3%B3n-de-nuev/1409957027904620/
2026-08-01 18:45,2,2026-07-30,Sonora gas natural licuado,Facebook,Un condado estadounidense arrasado por el huracán Rita ...,https://www.facebook.com/mdzradio105.5/posts/un-condado-estadounidense-arrasado-por-el-hurac%C3%A1n-rita-es-ahora-el-mayor-exporta/1420881009858101/
2026-08-01 18:45,2,2026-07-30,Sonora gas natural licuado,Facebook,"Durante el primer semestre, las terminales españolas ...",https://www.facebook.com/elEconomista.es/posts/durante-el-primer-semestre-las-terminales-espa%C3%B1olas-dejaron-de-recibir-20-buques/1481510054017677/
2026-08-01 18:45,2,2026-07-30,Sonora gas natural licuado,Facebook,Durante el mantenimiento de SPEC tenemos garantizado ...,https://www.facebook.com/EdwinPalmaEgea/posts/durante-el-mantenimiento-de-spec-tenemos-garantizado-el-sumirse-gas-esencial-par/1553667462885871/
2026-08-01 18:45,2,2026-07-30,Sonora gas natural licuado,Facebook,"Energía Costa Azul, la segunda terminal de GNL de ...",https://www.facebook.com/elperiodicodelaenergia/posts/energ%C3%ADa-costa-azul-la-segunda-terminal-de-gnl-de-m%C3%A9xico-realiza-su-primer-env%C3%ADo-/1652931186835703/
2026-08-01 18:45,2,2026-07-30,Sonora gas natural licuado,Facebook,Figueroa aseguró que la planta de GNL demandará una ...,https://www.facebook.com/ADNSUR/posts/figueroa-asegur%C3%B3-que-la-planta-de-gnl-demandar%C3%A1-una-inversi%C3%B3n-de-casi-7000-millo/1072357625291008/
2026-08-01 18:45,2,2026-07-30,Sonora gas natural licuado,Facebook,México enfrenta un reto de seguridad energética debido a ...,https://www.facebook.com/VanguardiaMx/posts/m%C3%A9xico-enfrenta-un-reto-de-seguridad-energ%C3%A9tica-debido-a-su-alta-dependencia-de-/1464461182391716/
2026-08-01 18:45,2,2026-07-30,Sonora gas natural licuado,Facebook,Ministerio de Minas,https://www.facebook.com/MinEnergiaCo/posts/gobierno-de-gustavo-petro-asegura-la-continuidad-del-suministro-de-gas-esencial-/1362426936069621/
2026-08-01 18:45,2,2026-07-30,Sonora gas natural licuado,Instagram,ALARMA DETECTOR DE GAS PRECIO : Q 590.00 ...,https://www.instagram.com/p/DbbBNYBFjv3/
2026-08-01 18:45,2,2026-07-30,Sonora gas natural licuado,Instagram,Eficiencia que se nota todos los días Cada vez más familias ...,https://www.instagram.com/reel/Dbdk4SrisKa/
2026-08-01 18:45,2,2026-07-30,Sonora gas natural licuado,Instagram,La Comisión de Regulación Pública de Nuevo México aprobó ...,https://www.instagram.com/p/DbbmaYHvV8l/
2026-08-01 18:45,2,2026-07-30,Sonora gas natural licuado,Instagram,"Más eficiencia, menos preocupaciones El gas natural destaca ...",https://www.instagram.com/reel/DbbNLJuAnQv/
2026-08-01 18:45,2,2026-07-30,Sonora gas natural licuado,Instagram,"Brasil, México y Venezuela fueron los tres principales ...",https://www.instagram.com/reel/DbbmlGQKHKq/
2026-08-01 18:45,2,2026-07-30,Sonora gas natural licuado,Instagram,Consulte aquí los precios de los combustibles para la semana ...,https://www.instagram.com/p/DbeE-crmYmA/
2026-08-01 18:45,2,2026-07-30,Sonora gas natural licuado,Instagram,Transcript - Instagram,https://www.instagram.com/p/Dbb7Y4qBMBS/
2026-08-01 18:45,2,2026-07-30,Sonora gas natural licuado,Web,Sempra cancela proyecto de exportación de gas natural ...,https://www.noroeste.com.mx/hubnegocios/sempra-cancela-proyecto-de-exportacion-de-gas-natural-licuado-con-cfe-en-sinaloa-PO20487822
